部位,種目名,フォーム解説
胸,インクラインベンチプレス,https://www.training-manual-bl.com/incline-bench-press/
胸,インクラインダンベルプレス,https://www.training-manual-bl.com/incline-dumbbell-press/
胸,スミスマシンインクラインベンチプレス,https://www.training-manual-bl.com/?p=35
胸,インクラインダンベルフライ,https://www.training-manual-bl.com/incline-dumbbell-flyes/
胸,ベンチプレス,https://www.training-manual-bl.com/bench-press/
胸,ダンベルベンチプレス,https://www.training-manual-bl.com/dumbbell-bench-press/
胸,マシンチェストプレス,https://www.training-manual-bl.com/machine-chest-press/
胸,ダンベルフライ,https://www.training-manual-bl.com/dumbbell-flyes/
胸,マシンペックフライ,https://www.training-manual-bl.com/machine-pec-fly/
胸,ディップス,https://www.training-manual-bl.com/dips/
胸,ケーブルクロスオーバー,https://www.training-manual-bl.com/cable-crossover/
背中,チンニング,https://www.training-manual-bl.com/chinning-chin-ups/
背中,ラットプルダウン,https://www.training-manual-bl.com/lat-pulldown/
背中,ラットプルダウン（アンダーハンド）,https://www.training-manual-bl.com/lat-pulldown-underhand/
背中,ラットプルダウン（クローズグリップ）,https://www.training-manual-bl.com/lat-pulldown-close-grip/
背中,ベントオーバーローイング,https://www.training-manual-bl.com/bent-over-rowing/
背中,ダンベルローイング,https://www.training-manual-bl.com/dumbbell-rowing/
背中,シーテッドローイング,https://www.training-manual-bl.com/seated-rowing/
背中,ストレートアームプルダウン,https://www.training-manual-bl.com/straight-arm-pulldown/
背中,ラットプルダウン（ビハインドネック）,https://www.training-manual-bl.com/lat-pulldown-behind-neck/
背中,デッドリフト,https://www.training-manual-bl.com/deadlift/
背中,ハーフデッドリフト,https://www.training-manual-bl.com/half-deadlift/
背中,ダンベルデッドリフト,https://www.training-manual-bl.com/dumbbell-deadlift/
背中,バーベルシュラッグ,https://www.training-manual-bl.com/barbell-shrug/
背中,ダンベルシュラッグ,https://www.training-manual-bl.com/dumbbell-shrug/
肩,ミリタリープレス,https://www.training-manual-bl.com/military-press/
肩,ショルダープレス（スミスマシン）,https://www.training-manual-bl.com/shoulder-press-smith-machine/
肩,ショルダープレス（ダンベル）,https://www.training-manual-bl.com/shoulder-press-dumbbell/
肩,ショルダープレス（マシン）,https://www.training-manual-bl.com/shoulder-press-machine/
肩,スタンディングアーノルドプレス,https://www.training-manual-bl.com/standing-arnold-press/
肩,フロントレイズ（ダンベル）,https://www.training-manual-bl.com/front-raise-dumbbell/
肩,フロントレイズ（ケーブル）,https://www.training-manual-bl.com/front-raise-cable/
肩,インクラインフロントレイズ,https://www.training-manual-bl.com/incline-front-raise/
肩,サイドレイズ（ダンベル）,https://www.training-manual-bl.com/side-raise-dumbbell/
肩,アップライトロウ,https://www.training-manual-bl.com/upright-row/
肩,アップライトロウ（ケーブル）,https://www.training-manual-bl.com/upright-row-cable/
肩,リアレイズ（ダンベル）,https://www.training-manual-bl.com/real-raises-dumbbells/
肩,リアレイズ（マシン）,https://www.training-manual-bl.com/rear-raise-machine/
腕,クローズグリップベンチプレス,https://www.training-manual-bl.com/close-grip-bench-press/
腕,ライイングトライセップスエクステンション,https://www.training-manual-bl.com/lying-triceps-extension/
腕,トライセップスプッシュダウン,https://www.training-manual-bl.com/triceps-pushdown/
腕,トライセップスプッシュダウン（ロープ）,https://www.training-manual-bl.com/tricep-pushdown-rope/
腕,ダンベルフレンチプレス,https://www.training-manual-bl.com/dumbbell-french-press/
腕,トライセップスキックバック,https://www.training-manual-bl.com/triceps-kickback/
腕,ナロープッシュアップ,https://www.training-manual-bl.com/narrow-push-up/
腕,ベンチディップス,https://www.training-manual-bl.com/bench-dips/
腕,アームカール（ダンベル）,https://www.training-manual-bl.com/arm-curl-dumbbell/
腕,インクラインダンベルカール,https://www.training-manual-bl.com/incline-dumbbell-curl/
腕,アームカール（ケーブル）,https://www.training-manual-bl.com/arm-curl-cable/
腕,ハンマーカール,https://www.training-manual-bl.com/hammer-curl/
腕,リバースアームカール（ケーブル）,https://www.training-manual-bl.com/reverse-arm-curl-cable/
腕,リバースアームカール（ダンベル）,https://www.training-manual-bl.com/reverse-arm-curl-dumbbell/
腹筋,クランチ,https://www.training-manual-bl.com/crunch/
腹筋,ケーブルクランチ,https://www.training-manual-bl.com/cable-crunch/
腹筋,レッグレイズ,https://www.training-manual-bl.com/leg-raise/
腹筋,レッグレイズ（平行棒）,https://www.training-manual-bl.com/leg-raises-parallel-bars/
腹筋,ハンギングレッグレイズ,https://www.training-manual-bl.com/hanging-leg-raise/
腹筋,アブローラー,https://www.training-manual-bl.com/ab-roller/
腹筋,ロシアンツイスト,https://www.training-manual-bl.com/russian-twist/
腹筋,ケーブルウッドチョップ,https://www.training-manual-bl.com/cable-wood-chop/
脚,バーベルスクワット,https://www.training-manual-bl.com/barbell-squat/
脚,スミスマシンスクワット,https://www.training-manual-bl.com/smith-machine-squat/
脚,レッグプレス,https://www.training-manual-bl.com/leg-press/
脚,ダンベルランジ,https://www.training-manual-bl.com/dumbbell-lunge/
脚,ブルガリアンスクワット,https://www.training-manual-bl.com/bulgarian-squat/
脚,レッグエクステンション,https://www.training-manual-bl.com/leg-extension/
脚,ダンベルスクワット,https://www.training-manual-bl.com/dumbbell-squat/
脚,ライイングレッグカール,https://www.training-manual-bl.com/lying-leg-curl/
脚,ダンベルルーマニアンデッドリフト,https://www.training-manual-bl.com/dumbbell-romanian-deadlift/
脚,スミスマシンワイドスクワット,https://www.training-manual-bl.com/smith-machine-wide-squat/
脚,マシンアダクション,https://www.training-manual-bl.com/machine-adduction/
脚,ゴブレットスクワット,https://www.training-manual-bl.com/goblet-squat/
